{
	"info": {
		"_postman_id": "4cfb5dfd-5ebe-4bed-8fcf-791ab190c693",
		"name": "CAFM",
		"schema": "https://schema.getpostman.com/json/collection/v2.1.0/collection.json",
		"_exporter_id": "14308179",
		"_collection_link": "https://restless-zodiac-657242.postman.co/workspace/eInvoice-Workspace~2212f70e-2b37-4c75-8b2d-fc9d5ad27dc1/collection/14308179-4cfb5dfd-5ebe-4bed-8fcf-791ab190c693?action=share&source=collection_link&creator=14308179"
	},
	"item": [
		{
			"name": "Get",
			"request": {
				"method": "GET",
				"header": []
			},
			"response": []
		}
	]
}